age,income,loan_amount,employment_years,credit_history_years,existing_debt,debt_ratio,loan_ratio,default
59,36032,106015,16,15,186985,5.189270946077207,2.9421641273277275,0
49,22198,212888,31,28,88774,3.999008964367764,9.589981530699582,0
35,171151,350732,21,12,152961,0.8937143591661213,2.0492427783490696,0
63,187292,152603,3,16,98071,0.5236234135819278,0.8147821862002317,0
28,192946,355484,4,2,179971,0.9327483713144024,1.8423919521941259,0
41,164931,99439,36,19,141842,0.8600029102903014,0.6029090776804986,0
59,182491,443073,12,10,170393,0.9337012033404204,2.4279036889288297,0
39,138865,146214,33,26,109863,0.7911439805279911,1.0529143202799822,0
43,159777,120053,21,20,41777,0.26146903829062823,0.7513737811213058,0
31,193952,53355,22,18,46250,0.23845983305233742,0.27509241929745865,1
31,43236,408082,2,21,73034,1.6891551217707057,9.43825889862849,0
44,107955,206139,33,10,104940,0.9720626922079366,1.9094723776353328,0
56,123145,239706,31,29,40130,0.32587335358030306,1.9465187663423904,0
60,166430,130426,20,27,180418,1.084040833738907,0.783664101038869,0
44,114914,69027,20,15,133609,1.1626767610842796,0.600678762563634,0
23,122870,456122,10,20,15216,0.12383719510706351,3.7122022283533136,0
42,136243,164210,38,2,84149,0.6176345380347025,1.2052640850239276,0
22,34596,97601,3,21,3009,0.08697285891840333,2.8210827528398417,0
44,184644,34956,0,5,89904,0.4869018928213599,0.18931463077797936,0
64,152351,243340,27,13,160399,1.052818473009872,1.5972222222222223,0
50,131496,109797,23,23,145281,1.104823684190514,0.834977223814992,0
58,150273,392061,34,17,179515,1.1945845588724597,2.608974273660114,0
22,158155,393447,12,16,15029,0.09502642960115329,2.4877146614734817,0
41,140674,474511,33,3,198685,1.4123689354896036,3.373101119601919,0
53,140307,141511,10,22,188069,1.340401117541409,1.0085739943552756,0
32,168843,445457,35,14,102171,0.6051207031342541,2.6382755679799104,0
42,181047,309677,16,10,114456,0.6321859396403163,1.7104690468825947,0
64,196720,426486,34,25,62559,0.3180087535138597,2.1679739326253933,0
45,199357,83815,17,2,64892,0.3255048706347375,0.420424562846738,0
47,39063,44279,39,2,70409,1.8024011877943886,1.133498873643252,0
62,87642,376931,21,15,139707,1.5940463014730213,4.300754195999681,0
48,110093,422104,23,4,33065,0.3003342598143405,3.834032735662252,0
36,188671,153702,18,20,120544,0.6389077340569878,0.814651882632293,0
35,179601,66063,36,28,107340,0.5976548145343593,0.3678299796216078,1
64,55954,254599,38,9,33783,0.6037530158162809,4.550067018139576,0
23,47856,259311,20,18,34152,0.7136260108239129,5.418454980462628,0
57,22573,132896,7,24,58741,2.602152919287676,5.887126783024719,0
27,55367,171216,27,3,107049,1.9334091894234937,3.092327698309493,0
41,119608,450377,4,28,182574,1.5264235968865218,3.7654106296348937,0
29,80774,494934,16,28,29092,0.36016094088517486,6.1273166202414115,0
59,43752,227146,36,18,148725,3.399195483738258,5.1915525792517085,0
38,75029,213432,35,10,171541,2.2862988138078104,2.844622151139544,0
24,168757,187051,18,1,86483,0.5124675570935896,1.1083978241031536,0
45,150282,102661,26,9,121585,0.8090402773434121,0.683117850987803,0
34,71693,405195,33,28,59754,0.8334588668507825,5.651728178090217,0
29,136739,424405,10,10,161050,1.1777826532104725,3.1037370191604503,0
46,75961,178672,11,24,87592,1.1531028672230852,2.3521234301361207,0
22,146678,457776,20,19,94543,0.6445571622386299,3.120937557523572,0
40,94532,476256,10,15,43169,0.4566553478679403,5.037986734791025,0
48,101994,128257,38,18,179359,1.758507769988725,1.2574832099612727,0
27,76133,459774,27,22,54745,0.7190611290619171,6.03901016628576,0
64,81268,353349,4,23,110168,1.3555968450454663,4.347894030934304,0
28,189315,274054,16,10,113985,0.6020885714889391,1.4476008366963173,0
55,51653,455929,19,13,5543,0.10731017926975646,8.82659619777752,0
34,177729,314001,11,1,187464,1.0547684690260508,1.7667304338040848,0
37,191024,39964,5,22,21067,0.11028399424159141,0.20920821881952625,1
56,173252,483883,16,27,51033,0.29455766999705635,2.792927106601329,0
60,141829,423443,18,4,45256,0.3190862299936544,2.9855672283719947,0
24,148377,404194,25,26,153263,1.0329226704767553,2.7240830850934774,0
22,21622,485743,31,4,86803,4.01438283309439,22.464181658419275,0
26,68756,284297,5,18,118843,1.7284494669633637,4.134808092266969,0
62,60809,326909,35,20,28992,0.4767636901825358,5.375908567669791,0
24,36725,235156,37,11,48803,1.3288406033872462,6.402984261830856,0
49,71226,113212,10,17,109975,1.5440071882853412,1.5894534376009097,0
38,101182,44071,32,3,194549,1.9227439391992727,0.4355573564729253,0
46,49402,117990,23,21,144282,2.9205109001477645,2.3883164989980368,0
64,24263,74519,22,16,26270,1.0826739202110123,3.0711754038905372,0
54,197900,14503,14,9,193080,0.9756393348189246,0.07328411680587768,0
30,67924,196775,26,19,136269,2.0061685682738313,2.896945160103055,0
56,94182,462595,10,5,7452,0.07912255927290487,4.911661340156929,0
34,162736,100457,16,24,41486,0.25492666080854387,0.6172966196992694,0
51,55737,193938,13,13,14859,0.2665865298360185,3.479457461695791,0
35,121332,152977,26,10,158308,1.304739848186396,1.2608029142937205,0
28,109563,50838,17,10,162971,1.4874502573838122,0.46400277463400386,0
34,180445,392344,27,28,32083,0.17779834410294493,2.1743014530662914,0
43,187469,456495,3,17,67708,0.3611671200725449,2.4350296047367577,0
60,148575,94489,6,26,111462,0.7502019168640965,0.6359640857204394,0
41,121371,31806,34,22,147735,1.2172082523151964,0.2620538509705698,0
36,58709,181072,8,21,93076,1.5853517288366548,3.084176460568898,0
38,170322,420384,7,17,19053,0.11186392912290179,2.4681575594605545,0
44,41172,75119,16,23,142157,3.452675296917883,1.8244723483836496,0
46,31555,305858,16,22,161636,5.122195462035746,9.692546583850932,0
45,73276,190165,32,10,89745,1.2247362746837342,2.595152639982532,0
61,77492,322563,31,20,190167,2.4539893925902985,4.1624791916689245,0
49,109599,447361,7,11,69517,0.634279197080292,4.081760948905109,0
35,175834,110432,18,4,152225,0.8657263912190406,0.6280433360821225,0
21,31046,475641,37,22,136319,4.390730183270525,15.32003092086192,0
45,136021,360093,2,8,141625,1.041191866021673,2.647314405022717,0
27,179841,476027,4,26,151883,0.8445357591663794,2.6469178501128767,0
29,174222,400677,12,24,137207,0.7875366627827555,2.2997939422464313,0
44,24853,412507,30,8,136645,5.497907781443631,16.59720769292669,0
21,140900,182876,15,21,79267,0.5625723025386619,1.2979042022412899,0
64,172864,344115,31,9,138261,0.7998206693084199,1.9906574494547769,0
28,79129,360615,21,21,80077,1.011967648173891,4.557247567294326,0
44,134130,332090,28,18,174718,1.302592241912757,2.4758631487128255,0
31,183059,366133,21,0,76623,0.41856768272697475,2.0000710149677703,0
37,166922,89080,2,6,131004,0.7848169515285491,0.5336592321010286,0
28,163184,257791,9,3,53687,0.3289946992677023,1.579746913012838,0
55,141789,459548,20,0,68312,0.4817829184004514,3.2410466182382396,0
55,175130,82794,15,14,107615,0.614482872820917,0.47275468078181476,0
53,196492,297985,11,7,130976,0.6665682746968086,1.516517127836615,0
25,58890,129447,1,11,27564,0.46805114533629927,2.1980778047579426,0
62,86017,125029,23,21,28835,0.3352205352368109,1.453521355995257,0
59,198376,184830,34,21,192659,0.971176094002833,0.9317108334131476,0
61,183993,343416,29,17,7697,0.04183288585497353,1.8664521669184864,0
48,152596,42643,29,14,80165,0.5253379817427604,0.2794484819491864,1
27,120424,448624,34,16,148118,1.2299605563628815,3.7253394228773096,0
29,35048,311094,18,28,57823,1.6497760278467288,8.875973636908329,0
28,186183,192921,7,13,184442,0.9906436643320586,1.0361846345550638,0
32,188976,367644,25,13,9615,0.05087920752260857,1.9454430962498082,0
54,74912,164116,39,17,136132,1.8172012868260516,2.1907546086794016,0
53,54008,392732,6,19,130499,2.416245440574719,7.271602881001314,0
43,151132,20997,29,17,76436,0.5057532107481489,0.13893061078652577,1
44,103559,346895,6,15,191591,1.8500482811896486,3.3497006566241794,0
57,75337,103605,2,0,120562,1.6002813984974382,1.375202421088959,0
55,130616,422127,0,22,71117,0.5444697091496513,3.231792186315717,0
64,33350,322677,35,26,192230,5.763845162064106,9.675182153458667,0
60,44354,349710,24,10,34782,0.7841731484612783,7.884342238755496,0
42,65186,230942,36,14,78533,1.2047340727445657,3.54276159356927,0
47,48145,150643,0,11,189327,3.932351597225107,3.128878826901508,0
55,185092,113255,14,7,72684,0.3926890806243348,0.6118815946578207,0
21,106123,265298,36,21,187990,1.771418340808865,2.499886924729562,0
55,40581,492679,12,19,79558,1.9604258045438865,12.140333152629244,0
57,108929,456157,39,29,81422,0.7474708528412742,4.187615900119343,0
34,43051,63005,7,5,156328,3.6311437331598997,1.4634627891851715,0
23,71474,222322,4,2,161077,2.2536131514515563,3.1104861839804125,0
21,111748,194784,8,27,6638,0.05940097897967767,1.7430491548022802,0
25,145995,48541,0,23,37419,0.2563015425080139,0.3324817118277213,0
46,89626,28387,35,25,33377,0.3723989422830174,0.3167237551184353,1
34,26960,361124,34,29,106244,3.9406550202143835,13.394310300063054,0
59,186844,184980,1,12,174188,0.9322593593620381,0.9900184645026626,0
47,172592,90457,39,12,167706,0.9716848307868802,0.5241058443853459,0
29,56408,149129,22,1,23382,0.4145083231399245,2.6437093371625093,0
35,114006,69028,8,4,187135,1.6414342978939889,0.6054715938495004,0
35,77134,124246,33,16,153466,1.989576716147015,1.6107603552213652,0
46,171563,322875,13,5,67789,0.3951236856216922,1.8819507589004687,0
62,152413,160930,3,1,110634,0.7258782001653391,1.055874132297558,0
33,195695,184761,29,3,131936,0.6741885373231952,0.9441225165562914,0
52,110327,49638,30,21,99572,0.9025088826045972,0.4499129867304764,0
59,151410,489814,37,25,171294,1.1313180680399706,3.234996136344123,0
52,163326,182558,10,10,144738,0.8861853826985128,1.1177453819637904,0
24,31344,25567,34,7,123664,3.9452544265433085,0.8156643802839368,0
50,152822,427955,7,11,152027,0.9947913599392761,2.8003311019938097,0
57,87957,62804,2,7,110674,1.2582596239114123,0.7140226016962641,0
43,125423,375965,13,10,103533,0.8254640260237275,2.997552302589616,0
59,78053,8754,12,21,81845,1.0485689394521742,0.11215312475978169,0
35,166968,32044,31,19,69590,0.4167839539076116,0.19191586462157645,1
63,97454,72260,33,7,127775,1.3111179518752245,0.7414704222461649,0
49,110600,71912,18,28,66471,0.6009981826565763,0.6501930362293289,0
56,142732,261695,37,7,43298,0.30334961081179546,1.8334582752411845,0
33,179007,13706,15,25,194180,1.0847559885591704,0.07656641043975689,0
52,57641,276038,1,29,48924,0.84875611533257,4.788834530377155,0
27,49711,416253,39,16,147781,2.9727429996781463,8.373290151271323,0
42,90342,351130,16,19,9726,0.10765637625493951,3.8866320578240705,0
48,126896,349086,33,19,191896,1.5122185709670046,2.7509397385280976,0
22,163254,187684,15,22,40542,0.2483354261737772,1.1496370708400967,0
62,107833,34725,37,15,151317,1.4032401654394717,0.32202273865385683,0
26,76276,141998,1,13,34753,0.4556157164020609,1.8616096595303957,0
48,39541,109555,1,29,79788,2.0178038541297862,2.7705983511203276,0
48,114457,266486,25,10,21316,0.18623425186531303,2.3282426741686906,0
64,64813,276640,12,6,84698,1.3067855710186072,4.268213657543123,0
64,188270,61447,30,15,15960,0.08477141992128367,0.32637527818941847,1
40,159892,368748,33,12,30791,0.19257253288136442,2.3062172828078777,0
50,44070,165878,38,26,25216,0.5721676385831953,3.7638810101881055,0
31,162194,355343,2,14,163539,1.008286322019791,2.190838188600142,0
48,100559,46321,7,23,64427,0.6406821797931583,0.46063046937151947,0
45,61786,258113,22,15,112470,1.8202858206418826,4.177464515189279,0
59,157809,238103,13,26,193119,1.2237437424751283,1.5087953868576136,0
53,56062,463311,26,20,73290,1.3072793107753777,8.264113586500901,0
21,71571,420872,28,22,47014,0.6568769910020679,5.880400156485776,0
47,45510,60147,38,23,135150,2.9696117422161676,1.3215925820131398,0
33,39426,96396,38,8,50519,1.281330053009359,2.4449235295609606,0
61,57265,447882,0,2,4042,0.07058289386372367,7.8210805713687,0
23,168922,480584,16,18,49052,0.29038082439928253,2.844988545076751,0
59,86150,305931,29,19,14389,0.16702069621942867,3.5511021346240903,0
26,107312,249839,12,4,95961,0.8942159850157949,2.328133590524913,0
28,109613,461162,20,9,68111,0.6213713576732899,4.20714507270969,0
47,94910,26727,18,16,105058,1.1069106847467627,0.28160065745803964,0
29,72375,244423,18,14,93715,1.2948353045208356,3.3771277771637007,0
57,141826,100081,24,22,50733,0.3577104500553491,0.7056554816783828,0
53,55435,389865,21,24,34754,0.6269211342809726,7.032704379825384,0
62,116443,246130,30,7,149696,1.2855621586341932,2.1137198996942734,0
64,154055,73056,16,14,85886,0.5574985719478631,0.47421716778314377,0
44,171734,139153,22,20,157753,0.9185838646752263,0.8102774623693482,0
35,43510,170268,31,29,89524,2.0575027004665487,3.9132173473374547,0
52,192070,172807,9,13,81006,0.42175029025724864,0.8997037553821243,0
52,114071,240821,9,19,24704,0.21656497650606635,2.1111315660284733,0
44,26640,85102,35,27,94913,3.562666566570324,3.1943996096242633,0
61,64547,477794,7,6,94108,1.4579537708372063,7.4021503377331594,0
32,74620,161570,19,20,7493,0.10041409254767425,2.1652081853633693,0
59,166389,81865,31,22,69639,0.4185287577378448,0.49200673117374844,1
22,135608,167728,13,11,54383,0.4010279553716936,1.2368500615740843,0
23,27564,72695,27,16,134066,4.863631416651551,2.6372211137311807,0
57,178417,436116,23,16,47234,0.2647378627716934,2.4443497853355605,0
37,133824,122235,14,9,178363,1.332807771343172,0.9133943583037549,0
22,99273,483115,21,29,128674,1.2961500493583415,4.866480649515482,0
22,94859,445917,29,28,5594,0.05897111532785157,4.70079063883618,0
48,130017,113777,3,18,7371,0.05669215031764833,0.8750865264809488,0
43,143618,24033,12,13,47315,0.3294480535305217,0.16733858333507404,1
57,145341,146877,22,10,127251,0.8755280648401701,1.0105612968034017,0
52,49430,171923,7,1,79526,1.6088284679654468,3.478040096295847,0
53,47788,31832,17,17,147698,3.0906275502730756,0.6660947079871937,0
21,199615,199509,11,6,86005,0.43085223629368385,0.9994639708239821,0
39,164991,382869,30,11,105573,0.6398673875096974,2.3205306923972073,0
22,89346,150016,13,25,138202,1.5468006760159827,1.679026716062095,0
64,116122,287017,33,1,137900,1.1875339080113327,2.471663666973812,0
46,59974,45372,17,26,57514,0.9589662359316382,0.7565152146727804,0
52,127309,94464,33,19,183736,1.443217343492263,0.7419998429031498,0
26,36371,151451,10,17,148955,4.095320576267459,4.16394479269768,0
52,65084,122322,11,5,174131,2.675439809479911,1.879419221018668,0
24,180701,172823,14,23,174004,0.962933448439973,0.9563978262553818,0
31,81916,367226,30,9,192341,2.347998583932517,4.482903426639159,0
37,93972,225894,28,19,75986,0.8085939578389537,2.4038181179700553,0
58,32984,272254,25,14,85959,2.6060027285129603,8.253872972563286,0
44,53039,452557,17,4,2035,0.038367269984917046,8.532371794871795,0
25,105431,279231,31,19,109767,1.0411165490553154,2.6484463919872523,0
54,103691,421978,21,2,171817,1.656993789299078,4.069532847278478,0
26,78606,349761,37,4,17241,0.21933161168852647,4.449489231238948,0
42,161688,105483,16,29,52975,0.3276351514326887,0.6523820420684153,0
31,122665,14596,22,24,154226,1.257284006978299,0.1189897771183539,0
36,125373,239627,23,7,156697,1.249836489224241,1.9112973981846315,0
53,44574,112539,7,7,176022,3.9488951205832867,2.5247111609646664,0
29,154502,23313,5,7,56396,0.36501556604078883,0.1508902739752626,0
26,163748,380319,4,11,118920,0.726233442646978,2.3225729622776323,0
36,161888,202621,28,23,144403,0.8919877199809746,1.2516044944375466,0
49,52733,119914,27,22,194999,3.697785110175598,2.273940910987219,0
23,22050,28705,10,7,86226,3.9102988526597433,1.3017550224479615,0
40,129996,203436,0,10,84719,0.651699654607414,1.5649284214251098,0
56,53933,340589,18,13,63014,1.1683539140430896,6.314921941632366,0
39,44951,108892,8,7,39346,0.8752891973660794,2.42240612208578,0
46,52413,214717,26,28,70411,1.3433624604113406,4.096558171480902,0
23,185873,269167,33,29,185550,0.9982568836954065,1.4481153899953731,0
39,183985,124654,3,23,143326,0.7790049242877175,0.6775189416586045,0
40,132573,195868,35,27,186806,1.4090696516662393,1.4774239292772338,0
52,191672,85073,17,9,159693,0.8331533392809629,0.4438444642698763,0
27,186472,359341,14,6,76441,0.40993066020281754,1.927040375818483,0
61,155566,69429,12,27,46121,0.29647033111135396,0.44629645104681587,1
53,142744,109195,18,16,60197,0.42171004238327087,0.764965497915864,0
60,109431,197699,5,3,84577,0.7728726515096133,1.8065922216536296,0
59,63001,38848,11,28,94634,1.5020792990698708,0.6166153455445859,0
38,87364,436020,36,12,173503,1.9859554741601328,4.99078578378069,0
60,144988,413595,16,3,100211,0.6911627778659071,2.852595714157626,0
21,65028,457880,22,4,135909,2.08997524181519,7.041166248904335,0
31,188645,294910,25,25,180066,0.9545179860691454,1.5632984531874516,0
48,151878,73099,28,21,143687,0.9460623259305104,0.4812976119147479,0
45,144343,434276,32,3,1466,0.010156293299340464,3.0086183007260434,0
43,148301,492949,26,17,30771,0.20748877290933365,3.3239538239538238,0
51,146295,74122,24,5,83886,0.5733991359982501,0.5066577350030076,0
50,180829,152159,9,23,65911,0.3644915113642648,0.8414477686224631,0
62,54636,53868,22,23,151818,2.7786664714387688,0.9859252887237586,0
55,199352,124119,20,22,88422,0.44354486764683754,0.6226091405697431,0
27,44262,421441,20,21,191811,4.333438763753022,9.521293179404921,0
36,100435,362430,12,1,73369,0.7305049982078139,3.6085666494085786,0
46,148583,273787,36,22,1893,0.012740268131158132,1.8426411995908039,0
22,189269,491275,32,10,30573,0.16153114598193058,2.595630580651979,0
21,61844,303871,23,27,96907,1.5669334626889806,4.913428733123131,0
32,84754,409221,10,13,171946,2.02874166715828,4.828281517314613,0
25,185229,114079,16,29,99956,0.5396318091021972,0.6158775576310533,0
57,97129,332841,3,4,118580,1.2208380520951303,3.4267579532585195,0
52,60042,21029,24,5,164439,2.7386872741202137,0.3502323334943291,0
29,81665,251353,29,9,152271,1.8645580780251267,3.0778169617711164,0
61,136953,412442,8,7,91404,0.6674065744702601,3.0115367203586607,0
55,178448,199718,20,13,57724,0.3234761752657622,1.119188115371899,0
39,165271,458819,19,23,86133,0.5211590590057602,2.7761447795149814,0
36,138533,426947,18,2,167477,1.2089234411768952,3.0818932536417054,0
23,93781,376602,18,11,15989,0.1704911390245463,4.015717301827642,0
40,86262,377528,11,15,28931,0.33538133382794477,4.376476589035856,0
44,66600,73926,36,27,9290,0.1394873950841579,1.1099833335835798,1
53,96898,142069,16,29,169439,1.7486145367857253,1.466155481480717,0
44,169369,322650,36,22,121136,0.7152152093050718,1.9050008856350003,0
31,50448,345373,38,16,79878,1.5833415924993557,6.84598307201332,0
28,46172,448031,27,0,90477,1.9595217984536417,9.703311459077817,0
56,193946,47092,34,22,126299,0.6512036793557002,0.24280860235012658,1
58,27657,329683,17,9,161205,5.828512546098778,11.919986983874466,0
60,176497,464293,13,24,105686,0.5987943206155311,2.6305850491223697,0
40,177757,157889,34,22,158124,0.8895464620439024,0.8882244399689465,0
55,132855,173933,6,9,107286,0.8075359788041188,1.3091843800806888,0
45,175650,18428,12,20,40475,0.23042852019060522,0.10491258233656513,1
55,179903,180006,17,23,82666,0.45950062255425117,1.0005669690501602,0
45,27906,251627,36,1,96622,3.46228544809546,9.016626652811123,0
49,81413,250439,12,8,188728,2.3181271034465816,3.076117129731987,0
38,74028,146330,35,21,135705,1.8331329614070162,1.9766577962690297,0
38,27287,62775,30,12,148376,5.437408384637936,2.3004617414248023,0
22,53660,217652,1,24,107573,2.0046775125323792,4.056055608356162,0
55,80504,493163,15,15,46546,0.5781752686168561,6.125867958511893,0
36,122979,272613,8,17,7008,0.05698487558952675,2.2167262969588553,0
61,54701,295998,8,18,48291,0.882801360096523,5.411100142590764,0
56,103300,142328,37,11,158477,1.5341284208284527,1.3777988596431787,0
53,168746,260158,10,7,36386,0.21562457406650193,1.5417044451160613,0
24,103560,81256,21,16,90909,0.8778304574115738,0.784619692741476,0
53,174946,432153,32,14,151899,0.8682572436223542,2.4701938301314113,0
34,63642,366278,35,9,33040,0.519145860503119,5.75519695803152,0
41,85160,137723,22,14,60354,0.7087046887659845,1.6172074071464637,0
40,37602,186360,33,14,78543,2.0887429194479163,4.955987554184507,0
28,123320,351874,8,22,18157,0.14723364228314723,2.853317764208853,0
27,108801,423267,23,6,35315,0.32458043050679214,3.8902501792246467,0
23,45931,294530,7,12,35932,0.7822868588347993,6.412305146738657,0
37,114377,473270,6,16,152236,1.330990225392995,4.137771249715854,0
53,49192,247634,35,8,145486,2.9574532962006788,5.033927591323969,0
32,66542,414400,17,7,145399,2.18503824594623,6.227552109162496,0
42,147015,38787,2,19,113880,0.7746095663057082,0.2638284268378952,0
42,62520,26621,27,25,132018,2.1115785096207675,0.425792933574319,0
50,84772,473780,5,26,14693,0.17332169440741746,5.58880775718684,0
58,70106,82984,20,20,27241,0.3885631962571498,1.1836763803899752,0
58,101121,458008,27,17,115194,1.1391586400585432,4.529261683906569,0
28,45559,443469,39,12,95790,2.1025021949078138,9.73373573309921,0
47,125595,301195,0,15,146612,1.167330169750629,2.398125736488423,0
47,53742,316955,35,8,72255,1.3444541614721917,5.897605269523472,0
54,89669,35447,20,11,195829,2.1838853574216572,0.39530500724880113,0
41,172826,133046,34,11,172275,0.9968060546095228,0.7698218449663536,0
50,155044,220002,12,5,156153,1.0071463123609274,1.4189557870295721,0
53,90831,498253,9,18,192933,2.124064206447067,5.485434648581998,0
48,132217,166326,9,27,11350,0.08584307734196554,1.2579679014960141,0
53,61873,351189,12,6,186584,3.015547726023855,5.675873549471507,0
25,126532,121859,36,24,56809,0.4489658824180253,0.9630610196549517,0
39,146267,193490,37,2,101894,0.6966253726037137,1.3228457352257499,0
24,160975,412688,23,15,97557,0.6060344399165093,2.563661663850512,0
55,154092,8471,1,17,173904,1.1285652171091485,0.054973295347614755,0
37,61755,243404,21,15,159441,2.58178962368029,3.9413822138739554,0
64,105956,125312,16,22,31728,0.299442226563606,1.1826684409713375,0
48,106988,231876,35,6,17576,0.1642785706941835,2.1672882258923813,0
50,65648,144401,13,3,160073,2.4383158920927968,2.1995917683437676,0
49,145991,170937,9,26,83384,0.5711545838128117,1.1708655268781851,0
26,160588,51850,34,24,390,0.0024285598640006478,0.3228739203805989,1
55,135005,321364,24,29,45436,0.33654800527383966,2.3803682799282995,0
61,22396,248306,2,7,11569,0.5165423940706345,11.086574094744831,0
57,104082,98808,37,12,144101,1.384481615633677,0.9493192932563435,0
44,170201,142469,16,12,22490,0.13213710767206024,0.8370583189386729,0
49,148322,233981,11,16,45875,0.3092912090505181,1.5775098939476682,0
51,152663,171597,23,16,5867,0.038430802284756066,1.1240174500864644,0
55,31303,58072,28,4,80820,2.5817786864298493,1.855098389982111,0
53,181633,226178,24,5,99515,0.5478875100476783,1.2452404285541254,0
41,91719,88820,35,18,9121,0.09944395987788923,0.9683820322721326,0
52,119616,482746,25,12,1539,0.012866064188200674,4.035764147236597,0
43,144165,28284,37,24,148099,1.0272810510106405,0.196190502615041,0
53,106231,459546,0,27,127402,1.1992808193388056,4.325871677084118,0
23,27314,88369,19,25,74229,2.7175178473366284,3.235182134358411,0
38,39623,292266,27,13,139993,3.533035534019786,7.375984251968504,0
45,125228,397493,15,21,50435,0.402742176332958,3.1741289956799146,0
62,184202,337697,16,3,141382,0.7675336449460649,1.8332871885908482,0
51,117624,217978,39,27,63965,0.5438044633368757,1.8531604675876727,0
23,177364,361932,27,6,111048,0.6260987229724015,2.0406055309672144,0
60,131785,67812,11,7,96444,0.7318228036361981,0.5145614860455587,0
44,106206,275143,26,24,69922,0.6583558522507933,2.5906296195166045,0
52,89274,289580,29,12,97799,1.0954802576309157,3.2436852422290676,0
42,153541,310107,33,26,93948,0.6118716702921676,2.019688424014276,0
43,73947,138168,36,5,143314,1.9380375398928977,1.868448098663926,0
22,173606,249809,5,5,8947,0.051535940371067984,1.4389339139550825,0
47,68874,423495,6,23,192888,2.800551724137931,6.148747731397459,0
62,69708,257164,31,27,48785,0.6998378975455106,3.6891075757793113,0
22,94553,376043,31,20,119963,1.2687247498783765,3.977018423334814,0
46,88344,250317,24,29,507,0.005738864678250043,2.8334031354349425,0
37,69138,293345,32,2,198044,2.86443251999595,4.242829661985276,0
60,67638,155787,6,27,158223,2.3392273688256773,2.303212643593193,0
53,98249,165381,11,2,11618,0.11824936386768448,1.683267175572519,0
29,125865,151150,15,12,74286,0.5901991006308296,1.2008803012727822,0
63,22719,454830,15,21,16122,0.7095950704225352,20.018926056338028,0
59,173962,10105,35,1,138426,0.7957209291630979,0.05808706449072504,0
49,187581,384810,12,15,109598,0.5842671471676387,2.0514228444093785,0
62,62534,361992,6,21,162051,2.5913648356920125,5.788630366994483,0
46,112241,269983,35,28,86436,0.7700860640401989,2.4053651930649846,0
55,169859,73920,8,5,183846,1.0823383963263864,0.4351819145178382,0
45,146209,310763,31,7,136109,0.9309144381369263,2.125456535120717,0
44,199917,47821,10,22,28633,0.1432237217259076,0.23920307326003662,1
33,112124,130736,7,7,24495,0.21846153846153846,1.165984392419175,0
27,111659,411709,32,29,64550,0.5780942145799749,3.68716639799391,0
56,184134,22069,22,24,36483,0.19813180546881365,0.11985228229288294,1
40,95713,12531,24,5,113181,1.1824915895271328,0.13092128633219802,0
21,95418,435267,7,13,34069,0.3570462905710603,4.5616386673513665,0
28,148232,143808,21,2,138442,0.9339485809502608,0.97014834753395,0
36,185904,143782,3,9,119873,0.6448078319571824,0.7734165299480917,0
34,183038,72155,39,2,116843,0.6383502969312551,0.3942056064554548,0
32,164059,412191,2,26,71947,0.4385407777642326,2.5124405705229793,0
43,188383,67424,28,11,170205,0.9035002972651606,0.3579072532699168,0
35,51575,312747,28,16,95761,1.8566969132930045,6.063808748255003,0
48,83852,421468,33,26,113753,1.3565763896342409,5.026272166768035,0
54,152079,479013,33,28,131764,0.8664124145186743,3.1497435560231457,0
22,96242,137503,27,4,28926,0.30055172843739286,1.4287065033301123,0
52,198589,210675,12,29,99782,0.5024522886348759,1.0608540208469712,0
43,49257,173553,14,19,104700,2.1255430589954933,3.5233464614884893,0
42,193279,359717,22,24,73984,0.3827814569536424,1.861118584437086,0
45,164353,145629,25,8,174462,1.0615013933339013,0.8860690947588742,0
42,81246,473187,3,29,49593,0.6103979223848265,5.824055042032321,0
42,21435,370446,25,20,75609,3.527197238290726,17.281489083784287,0
62,111357,136234,39,25,5209,0.04677706136963667,1.2233876326801847,1
26,177732,432958,8,19,126700,0.7128670533890724,2.4360023180838675,0
35,156156,24675,4,6,137605,0.8811964881497467,0.1580140499625377,0
63,164579,78997,31,21,86597,0.5261696439421558,0.4799914934986025,1
57,103807,153087,19,3,7211,0.06946478113440198,1.474712931565968,0
53,196611,448273,10,12,9927,0.050490305779911704,2.2799879966634795,0
28,135953,430807,14,12,117333,0.8630345558056401,3.168770319372729,0
64,158563,491799,31,9,155666,0.9817234681264347,3.1015804343987288,0
64,143797,236390,27,17,76382,0.531175676991335,1.643903253174592,0
25,83888,145905,21,16,139005,1.6570110503164897,1.7392625970031828,0
59,93609,275040,16,19,103780,1.1086422390770216,2.9381476337998076,0
24,29077,431188,25,19,40696,1.399546048559048,14.828667721301327,0
26,40953,316877,6,12,196521,4.798578893392587,7.73738828930019,0
52,134682,256435,25,16,67616,0.5020381191390153,1.9039893676262039,0
50,87889,46800,24,21,137161,1.560598475366936,0.5324837865513711,0
55,174893,101044,9,3,187620,1.0727640742392535,0.5777442336500966,0
60,188639,272491,18,0,157195,0.8333068278201866,1.4445027565733672,0
36,135374,195135,10,0,138869,1.025809787626962,1.4414404432132963,0
33,44860,494066,12,14,50013,1.1148436280956733,11.013263190744745,0
62,172267,138715,7,12,139418,0.8093087514802517,0.8052279007128428,0
50,97475,307929,39,16,164744,1.690098075423694,3.159023759694694,0
39,107266,285825,3,23,148725,1.3864935161792535,2.664612602198253,0
37,172499,448242,30,25,49556,0.28728115942028987,2.5985043478260867,0
39,120732,371008,27,7,123723,1.0247653914008596,3.0729626531271483,0
48,47083,414108,10,17,26140,0.5551779797808173,8.795089627049528,0
46,77372,314443,0,26,1184,0.015302495702635286,4.063988729918705,0
57,143786,22073,37,12,165565,1.15146014591027,0.15351179174751542,0
46,195136,369448,23,22,175220,0.897933246898333,1.8932749811670775,0
43,27813,35682,30,13,155918,5.605738117494787,1.2828791256201912,0
29,51598,233870,25,7,111361,2.1582007403244248,4.532452179305801,0
32,113106,232966,4,7,153267,1.3550620209182456,2.059695686385458,0
21,47082,391446,19,26,5606,0.11906632967313042,8.313956204999682,0
21,49241,412505,10,25,135028,2.7421307014337355,8.377096787295399,0
54,195641,120359,32,14,16555,0.0846188446243649,0.6152002126332792,1
52,31745,406143,37,26,90385,2.847130347130347,12.793517293517294,0
45,46029,446546,26,12,149762,3.2535737562459266,9.701194872908973,0
60,164097,71707,33,6,58502,0.3565064778364148,0.4369766846640422,1
21,143395,256351,14,4,179921,1.2547142179698179,1.7877137437585429,0
36,165360,475670,31,16,157419,0.9519717466633608,2.8765549313320555,0
59,109186,243511,20,27,103844,0.9510656030479819,2.2302197148012124,0
25,157612,240718,4,24,91321,0.5794001763813899,1.527272496558025,0
42,117768,70428,5,28,49056,0.4165442518829234,0.5980181541831892,0
49,61846,55601,37,15,194923,3.151696929519621,0.8990088444063576,0
23,95932,475681,21,22,98234,1.0239854898731406,4.958471016230077,0
32,168554,400755,17,1,41850,0.24828690931743347,2.3775918839547923,0
46,43411,116487,13,21,27843,0.6413664424583064,2.683290334469732,0
36,98797,158741,9,17,62320,0.6307819996356202,1.6067228081540113,0
57,72307,469184,12,16,29793,0.4120290977485202,6.488687282181778,0
42,154165,418860,30,29,170588,1.106521541714775,2.716941478665854,0
49,42042,416961,29,6,148929,3.5423019289774755,9.917489237209523,0
34,72930,256924,2,12,19627,0.2691173849254775,3.522836653823477,0
48,195485,264153,29,17,61822,0.3162477108335124,1.3512630060464688,0
25,117883,295372,5,28,183320,1.5550880526619388,2.5056156900003392,0
50,53756,254430,28,13,55798,1.037967148464386,4.732965009208103,0
25,73268,432737,7,29,175188,2.391024853621586,5.9061403867938695,0
32,190286,127788,32,17,75318,0.3958126409055795,0.6715540210313894,0
36,179674,102239,16,12,104186,0.5798580770836232,0.5690218449979129,0
46,68901,31928,10,10,87902,1.2757539694058229,0.4633827755362689,0
46,119986,285466,12,20,159629,1.330385791794111,2.3791410736163083,0
41,183268,455930,10,29,71334,0.3892311301965963,2.487763888055263,0
59,148386,355040,30,20,106719,0.7191937299089542,2.392662429997237,0
56,25626,67292,27,15,123099,4.803488508213993,2.6258243259062706,0
53,158496,34055,5,22,173686,1.0958314668416438,0.21486211095478147,0
50,32857,310035,15,16,12720,0.387120335991235,9.435601679956175,0
57,171054,86912,3,7,57608,0.33678056765367864,0.5080938879307825,0
43,153052,142660,34,18,107449,0.7020378561674714,0.9320954179271232,0
30,199362,357680,25,19,102828,0.5157827681164509,1.7941142538986672,0
25,46431,273448,11,14,126613,2.7268478635423845,5.889214334941419,0
56,104976,12345,10,8,72095,0.6867694828390981,0.11759718795545691,0
54,102711,165372,36,19,105924,1.0312719059116753,1.6100553002570293,0
51,46385,422475,24,9,96452,2.0793342818953993,9.107812702108395,0
30,189230,96006,17,11,87593,0.4628892728992607,0.5073481617705344,0
39,174091,486769,18,20,166964,0.959056131240953,2.7960446200859317,0
52,38639,413568,22,22,106975,2.7685041407867494,10.703105590062112,0
21,105530,134350,37,19,77242,0.7319365873534791,1.2730856336052914,0
25,41563,169437,17,29,116041,2.79186315080358,4.076532576267924,0
24,190413,286590,25,0,126202,0.6627768966567584,1.5050889115296144,0
36,135672,269480,5,24,77606,0.5720076949724706,1.9862463423083443,0
44,156848,329176,3,19,123769,0.7890965195825285,2.098680896913592,0
36,187516,211487,28,8,118542,0.6321666835540244,1.1278284102241396,0
22,159783,102852,33,21,106438,0.66613678465929,0.6436939868822911,0
48,102970,497092,16,14,924,0.008973400277748103,4.8274951199852385,0
52,105553,143593,15,0,51322,0.48621558633495654,1.360374784470508,0
47,181779,207779,1,11,157550,0.8667070084717791,1.143024535152382,0
40,190182,159553,33,2,71042,0.37354547987990516,0.838944595468575,0
44,102879,285618,7,10,46418,0.4511858475894246,2.776224727838258,0
32,189899,182832,12,1,193289,1.017846234860453,0.9627804107424961,0
55,156727,322862,7,15,100699,0.6425080394058497,2.0600148027155325,0
53,64859,311773,29,8,90140,1.3897625655257477,4.80686093123651,0
53,72098,50232,31,14,11781,0.1634003245537386,0.6967086922148712,1
63,166323,353688,35,11,136587,0.8212104086000818,2.1265000841730597,0
57,142413,465385,29,0,117358,0.8240622410718047,3.2678318142879212,0
32,20526,264013,0,12,36133,1.7602669654601257,12.861743070102792,0
23,88760,317813,38,13,97628,1.099897477495747,3.5805477630941516,0
21,67837,214093,16,24,76946,1.1342610336389634,3.155945045549692,0
53,31536,336328,19,24,85058,2.697085962520214,10.66455274756635,0
60,48541,184017,23,7,140167,2.8875406864158872,3.79088212269787,0
30,99083,18140,21,7,151542,1.5294295749061402,0.18307698518428808,0
63,54531,393612,28,26,43129,0.7908934203770264,7.21800044010856,0
64,28712,88457,21,29,8531,0.29711280604604184,3.0807299829345594,0
49,124101,19357,8,11,37038,0.2984480507969251,0.15597653543053294,1
33,85455,116672,36,0,87939,1.02905588841041,1.3652873993634151,0
32,94744,335817,9,10,42674,0.4504089925589741,3.54442978521294,0
51,149749,126673,35,7,127572,0.8518998330550919,0.8458964941569282,0
22,25109,70633,36,9,29831,1.1880127439267225,2.8129430505774593,0
55,69268,213015,27,29,57174,0.8253908674876207,3.0751851477572942,0
43,74615,101111,27,18,11279,0.15116060898466815,1.3550847003323685,0
37,102503,345402,20,10,169292,1.651564816982752,3.3696441114493094,0
46,180831,411140,23,6,60610,0.3351729782339409,2.2736020173420632,0
28,105708,74286,39,10,183791,1.7386504460358152,0.702740542432527,0
49,122471,98269,1,16,53051,0.4331683976745705,0.802379319354628,0
46,177661,263635,7,0,56652,0.31887516745280364,1.4839132735193794,0
30,181087,79071,26,25,65524,0.36183512988160454,0.43664406255522176,1
46,180081,455542,21,28,6470,0.03592807720927133,2.529636498928266,0
54,103309,226095,36,20,198670,1.9230471396767013,2.188510308779402,0
61,146446,35651,26,20,172870,1.1804270486933839,0.24343960613737392,0
27,126661,75202,28,7,53473,0.42217081681956703,0.5937218739637776,0
24,177215,53777,2,22,150952,0.8517966775009028,0.3034545413506681,0
31,26154,153066,12,23,44439,1.6990632766201492,5.852265341234945,0
49,172876,334407,9,5,14308,0.08276404611371091,1.934363738380467,0
56,192760,195706,35,21,91563,0.47500791135136256,1.0152779867296808,0
45,84288,105158,8,17,35081,0.41619902952935733,1.247588653323684,0
41,71195,277944,26,5,181455,2.5486684645204787,3.9039271869206136,0
56,40581,304967,33,4,9837,0.2423981075353605,7.514834162929377,0
30,50087,244647,0,12,183223,3.65802188148858,4.884343555342597,0
57,184053,331022,31,18,118128,0.6418116422354309,1.7985047866387038,0
29,89298,285852,24,21,167896,1.8801554328715888,3.2010660813670926,0
44,66167,148891,28,7,164145,2.4807308668842944,2.2501964695925523,0
55,194480,210977,6,8,112651,0.5792391030486269,1.084820625151043,0
55,59499,68870,2,16,97624,1.6407394957983192,1.1574789915966386,0
56,145816,14283,19,2,157371,1.0792363030373688,0.09795154200127557,0
38,189631,166645,19,18,189933,1.0015872848464393,0.8787810074249072,0
59,116347,345851,29,10,30063,0.2583886272217829,2.972556468525458,0
52,68787,429149,34,23,69453,1.0096673838460197,6.238718962609758,0
44,55488,10774,34,16,199544,3.596100127953288,0.1941646092018238,0
43,94441,208127,38,20,102166,1.0817856462167257,2.203754685415387,0
52,42431,147055,26,18,14506,0.34186463046757165,3.4656627073906487,0
57,81681,101468,25,1,113604,1.3908082564090007,1.242232070713254,0
32,142720,363478,13,7,26026,0.1823557850631652,2.5467730747402273,0
33,69153,285277,16,18,158744,2.295514359256153,4.125242213031784,0
43,26368,413155,17,6,169489,6.427585422276158,15.668208881641322,0
45,178496,5781,28,27,52413,0.29363518714600245,0.03238709894283937,1
55,132360,119586,19,26,65066,0.491579846027153,0.9034836545508118,0
61,196076,454916,26,16,190285,0.9704605843622659,2.3200885366463173,0
50,132755,294768,17,5,50971,0.3839449817710687,2.2203742203742203,0
37,76985,11823,3,18,158353,2.056906450523472,0.1535733769776323,0
40,70069,23489,0,23,113978,1.6266305123447982,0.3352219209362067,0
45,72326,176033,0,5,159163,2.200602817758237,2.433849046690724,0
42,128737,296262,25,27,50494,0.39222296447047494,2.3012785657692367,0
33,174470,105417,19,1,103864,0.5953081027792585,0.6042092955276235,0
39,70861,86816,22,5,149682,2.1123027856961416,1.2251418249555475,0
56,95897,158335,9,22,132151,1.3780370810652987,1.6510771861769797,0
32,147118,280709,10,4,95386,0.6483594912961617,1.908040429856103,0
61,88577,156426,4,18,177823,2.007530086477455,1.7659689764952924,0
39,29078,179023,0,19,86126,2.961793734309983,6.156435915953093,0
32,176075,358323,16,3,186504,1.0592244258161247,2.035047365910175,0
29,82768,28648,21,21,162023,1.9575324094769782,0.34611992412618253,0
27,71047,448945,33,25,80863,1.1381460421123748,6.31889708366175,0
48,91626,46971,28,16,78291,0.8544533816451483,0.512632739258079,0
34,77660,23658,3,10,125659,1.618045093418833,0.3046316684049909,0
51,152997,26253,4,3,190944,1.2480163139387443,0.17159047830690596,0
39,137832,462382,10,25,7235,0.05249105801948735,3.354653820202709,0
36,150406,184635,20,12,82733,0.5500608349345443,1.2275691955826524,0
25,145150,162462,34,19,62712,0.43204662730535787,1.1192620099069246,0
55,177087,355808,11,25,152545,0.8614078876039032,2.009215757137694,0
32,53320,187650,25,16,198639,3.7253427355075863,3.5192513268693384,0
45,84881,215097,18,8,125849,1.4826347164298674,2.5340708277373296,0
41,110827,108850,6,3,79823,0.7202421770671671,0.9821525246327643,0
56,122215,430874,6,22,104215,0.8527115925901683,3.52551220789422,0
43,177361,142924,25,27,32230,0.18171874471420033,0.8058321399172315,1
36,154461,231058,39,13,84573,0.5475327264958372,1.495888956507102,0
59,176755,138623,4,18,199948,1.1312091244427347,0.7842619203874267,0
62,164701,339091,20,25,40644,0.24677295964833457,2.0588153149324233,0
59,81550,66001,13,27,179736,2.2039705215141447,0.8093217741045481,0
34,44826,185231,3,2,45203,1.0083878019943338,4.132130189394784,0
51,120734,127775,22,13,66677,0.552259079802874,1.0583095208514515,0
25,177702,449923,19,7,156497,0.8806660551594514,2.531881847802232,0
55,197235,38243,14,23,123246,0.6248656431888702,0.19389462369952748,0
43,118511,157872,28,26,84817,0.715682800054003,1.3321182665046578,0
49,31653,343083,7,27,69806,2.205282112845138,10.838535414165666,0
63,179033,324972,18,0,42814,0.23913893450406068,1.8151412580850566,0
31,101941,266716,38,9,70219,0.6888132467481509,2.6163504737988266,0
38,53662,405455,27,17,180718,3.367646236699402,7.555578331438794,0
32,118818,273854,26,15,170956,1.438793458958584,2.304799737415733,0
29,172360,419600,3,7,95345,0.553170380770592,2.4344254210639296,0
30,115081,419254,14,0,100088,0.8697102935298309,3.643089275473141,0
64,56877,176918,34,11,69322,1.2187840641372762,3.110482084461479,0
37,131562,224055,36,7,21650,0.16455994466529344,1.7030244065580749,0
58,166385,466037,0,23,94242,0.5664058274133641,2.8009387809070474,0
27,92715,305135,2,15,140262,1.5128133224039,3.2910716596919625,0
33,161398,215129,23,17,38196,0.23665574136147063,1.3329016908407116,0
60,130091,405187,26,3,170521,1.3107723764720352,3.114618885096701,0
62,152632,427355,39,5,170733,1.1185851028283529,2.7998860010613695,0
29,99148,352589,35,11,29709,0.2996399358541185,3.5561528608457977,0
47,103186,213139,33,26,80428,0.779439270450735,2.065560584182116,0
22,177817,85257,28,8,9943,0.05591672384123092,0.47946214668931153,1
25,182962,482958,23,14,174312,0.9527172160491465,2.639648453512459,0
49,171094,304855,23,15,176832,1.0335310792249919,1.781787895613548,0
57,143629,11530,3,23,21042,0.14650142727842372,0.08027570841746154,1
58,90316,278260,2,11,43894,0.4859993135290145,3.0809260715037037,0
39,48380,70794,33,23,137941,2.851139910295364,1.4632603708067216,0
28,130198,398498,22,22,192150,1.4758177866189448,3.060684029831258,0
21,22356,215545,22,13,56759,2.538757436149752,9.641052019501721,0
42,90326,137970,4,12,105973,1.1732150962613614,1.5274502640406522,0
37,112447,9135,30,24,44306,0.3940132327831531,0.08123754980079681,1
27,134994,404845,5,1,108369,0.8027630652987148,2.998962924552761,0
45,40049,376616,36,2,186443,4.655255930087391,9.403645443196005,0
24,125361,392291,9,25,151990,1.2124088639300585,3.1292656466871938,0
56,36082,483336,39,23,28379,0.7864922539700135,13.39511681401214,0
26,20661,255870,6,29,120667,5.840044526183331,12.38360274900784,0
51,188484,94087,38,21,134034,0.7111122901026606,0.49917500066318277,0
39,22920,201103,37,9,144923,6.322717158937219,8.773744601020898,0
64,99561,300524,20,8,117626,1.18143468391555,3.018460858560495,0
59,28946,397095,19,25,176819,6.10837047016962,13.718001865478287,0
47,196572,284215,2,19,125180,0.636811769673353,1.4458496334695,0
30,36309,25074,21,7,52349,1.4417240429633709,0.6905535665106032,0
46,75230,226796,3,9,187428,2.4913665909000278,3.0146615092182745,0
39,131822,72843,27,18,145817,1.1061574990707237,0.5525818711453995,0
59,181099,44901,11,2,5730,0.031639977912755385,0.2479348426283821,1
23,132340,278349,37,23,144993,1.0956015142699542,2.1032710951254714,0
33,79321,453877,35,4,19023,0.2398199742820403,5.721956077759008,0
48,152028,391805,4,2,176421,1.1604430733610034,2.577172776246637,0
40,94131,273050,12,25,126796,1.347002082182467,2.9007138911316024,0
48,198980,400807,22,26,81533,0.4097526899553224,2.0142978475331814,0
28,45963,392720,29,15,83286,1.8119832912714298,8.544077974066662,0
61,121757,67987,36,16,41979,0.34477406002069677,0.5583780942525337,1
59,190515,461586,24,14,22837,0.1198691973377564,2.422820130592706,0
21,119259,347829,26,2,146069,1.224794566493376,2.916560456146235,0
23,59063,377598,13,11,104975,1.7773093593390221,6.393031288094271,0
33,134225,372631,35,8,176111,1.3120483363878832,2.7761462011830793,0
48,136400,59400,38,20,20923,0.15339330356815567,0.4354806782941474,1
45,100818,161222,15,11,8876,0.0880389609101459,1.5991231811464108,0
53,24703,36852,21,25,60973,2.468142810880829,1.4917422279792747,0
58,92099,441086,20,14,133959,1.4544951140065148,4.789207383279044,0
26,176921,319900,20,1,194795,1.1010219192638564,1.8081414408609444,0
64,182932,382501,7,22,42422,0.23189911060333565,2.0909349324616118,0
52,51585,124052,15,17,51413,0.9966463769239716,2.404760981661691,0
41,173087,61481,30,19,102484,0.5920918838972083,0.3552008227029026,0
36,63585,268427,9,11,133913,2.1060139024313527,4.221479570974743,0
41,46958,38691,31,22,28756,0.6123639770863946,0.8239315147256117,0
31,46017,399341,33,3,71576,1.5553913685948977,8.677930375070625,0
57,144677,203137,8,22,118248,0.8173184589225729,1.404062815355479,0
56,196422,31170,16,15,10304,0.05245821517846688,0.158688137336259,1
55,163273,13438,10,22,30341,0.18582872962014774,0.08230336734568884,1
39,49426,287239,31,15,135830,2.7480931474700063,5.811378396423008,0
40,37778,152226,9,0,148082,3.9196908335318565,4.029381402366394,0
38,196313,406220,21,21,127039,0.647121448292022,2.069236019845757,0
61,62229,276896,16,24,191830,3.082596818254861,4.449558090952917,0
34,106652,60426,3,1,162730,1.5257892417465988,0.5665663413124806,0
35,148267,244968,24,29,180074,1.2145169557827717,1.6521973723257883,0
51,199436,293963,20,2,132447,0.6641044540381174,1.473964209249036,0
21,146503,359195,36,25,99485,0.6790599574073063,2.4517760607218917,0
23,104878,160289,37,20,22092,0.21064274068211938,1.5283231152089551,0
36,77056,266501,0,24,131562,1.7073335323202306,3.45849176583568,0
43,178562,224780,24,19,3729,0.02088338569580484,1.258827416654066,0
31,39975,300138,35,16,137046,3.428206924154493,7.507954772863719,0
32,177795,151108,16,19,118222,0.664930594614052,0.8498953857229634,0
30,174351,213347,23,21,85216,0.4887583738643663,1.2236567403872625,0
52,162633,102756,1,20,83860,0.515636336805342,0.6318236039204594,0
36,108397,447632,39,29,96870,0.893651174375911,4.129522684920386,0
28,53142,407803,14,28,21398,0.4026494552433999,7.673691737387803,0
58,46916,100665,31,0,34650,0.7385382697103395,2.1455975446000384,0
32,84324,136717,38,19,152364,1.8068662911354878,1.6213104061666173,0
44,196037,167002,5,5,103889,0.529943174282537,0.8518858588640977,0
48,145932,266691,0,28,3159,0.021646920161992145,1.8274893272940322,0
28,155720,86835,22,14,98162,0.630370984003442,0.5576319186236923,0
48,186205,127232,38,25,193838,1.0409868640108266,0.683286252859736,0
56,116059,428306,16,25,102834,0.8860417025676375,3.690384283991039,0
46,118317,223561,33,13,148137,1.2520242059534474,1.8894927230007268,0
28,55046,450358,28,19,21638,0.3930822751466928,8.181335949279706,0
48,198136,248051,8,14,1073,0.00541544486895431,1.2519166031584208,0
48,121459,162547,12,13,177583,1.4620698172237774,1.338275975629837,0
57,65893,417104,5,24,29320,0.4449570522354084,6.329923817039488,0
61,121520,48732,5,20,34924,0.2873906567589141,0.4010171081541462,1
56,145818,217695,19,23,171806,1.1782140873274403,1.4929124462518601,0
47,81272,313449,2,24,68116,0.8381135186347249,3.8567420914694917,0
37,87649,182109,16,25,171097,1.9520479178551056,2.0776839703365657,0
29,84674,14346,11,4,2159,0.025497490404487747,0.16942426926483614,1
53,164832,267731,0,5,48940,0.29690656603956733,1.6242560652296567,0
40,172999,17763,16,16,79436,0.4591676300578035,0.10267630057803469,1
33,106475,195237,2,10,14678,0.1378526616326684,1.833624478755776,0
48,81367,243553,25,15,192147,2.3614565922721464,2.993228296136073,0
49,163660,336759,14,11,178276,1.0893004442108993,2.0576618742400448,0
33,141750,434332,35,14,143093,1.0094673053452885,3.06404893087174,0
55,138154,125987,31,22,137844,0.9977489052151569,0.9119250117621512,0
26,64738,221823,31,3,67163,1.037442654350546,3.4264199323437188,0
38,53397,96353,3,26,154536,2.8940409753174277,1.8044308775609574,0
25,102189,226373,17,17,51137,0.5004109991192875,2.2152167531069575,0
45,96367,362792,18,20,161304,1.6738336377220655,3.764652166694338,0
22,140585,30556,34,27,61497,0.4374333148393154,0.2173473887869347,1
30,96619,326186,39,2,100485,1.0400020699648107,3.375967708548955,0
50,131453,23099,13,21,182520,1.3884704915788033,0.17571926301215635,0
25,39816,376233,32,7,105468,2.6488183439234496,9.449054423989754,0
53,193312,181168,13,22,901,0.004660835018855431,0.9371744269655946,1
21,157348,208058,33,2,87980,0.559139238253818,1.3222708755695938,0
38,99530,149302,3,7,107594,1.0810099366026664,1.500055259165486,0
52,174571,427225,23,17,2881,0.016503219302064477,2.447271040029329,0
31,128856,207041,28,9,29863,0.23175302855102944,1.6067501183482464,0
41,91635,38866,18,24,136694,1.491706316294906,0.42413461958182375,0
46,127803,110400,5,19,132450,1.0363525398266096,0.8638227285530969,0
45,55946,351390,32,16,45201,0.807925357928039,6.280765724703738,0
42,75204,344119,39,7,59251,0.787859849744033,4.5757462934645305,0
47,35563,440071,18,22,72572,2.040602856821505,12.374058036216399,0
33,112324,348701,0,10,39255,0.3494769641664812,3.104393501001558,0
53,29847,142488,4,28,63212,2.1177968373090326,4.773787188421335,0
54,46155,77516,26,4,50210,1.0878325678135021,1.6794349597018805,0
61,99671,191987,15,25,125629,1.2604241913476202,1.9261878962998635,0
55,136891,416274,5,12,22499,0.16435584256201968,3.0408935511205915,0
21,103310,474853,39,20,102552,0.9926532508638964,4.596345016503567,0
41,169381,438934,12,22,182700,1.0786270087730692,2.591385153085924,0
26,151691,299746,34,4,61360,0.40450386309100017,1.9760171927326424,0
48,54707,472874,18,23,135675,2.479984645755648,8.643598742414271,0
37,171409,476328,11,26,127466,0.7436322268245726,2.77888104544659,0
25,101537,194139,15,12,85473,0.8417833717425989,1.9119836908349583,0
51,198686,163588,9,5,143704,0.7232682561013051,0.8233452616426842,0
25,111155,134295,24,28,161679,1.4545233725574869,1.208166900572169,0
58,20281,92969,19,4,91873,4.529780100581797,4.583818163889163,0
23,178492,137161,30,8,65756,0.3683953992593547,0.7684390984520402,0
43,190102,435562,3,26,178066,0.9366816936082019,2.29118951305345,0
57,152130,210735,22,15,194454,1.2782010241173725,1.3852206322182856,0
57,96260,146559,1,1,56344,0.5853253134706683,1.5225169071586624,0
30,179476,267299,21,0,184847,1.0299202683352184,1.4893217515336228,0
30,180928,128950,36,7,138421,0.7650570113138303,0.7127105107528368,0
39,160272,334638,7,27,71154,0.4439550017782159,2.087924978006277,0
37,84178,81229,6,18,27464,0.3262571425177301,0.9649556302640802,0
41,53997,109648,13,29,173696,3.2167117300640764,2.030593725693544,0
34,176683,43547,2,10,121897,0.6899153290620543,0.24646827103755858,0
29,139273,33795,15,27,37344,0.2681333199304967,0.24265117681692203,1
21,192307,191368,18,11,83791,0.4357125028599954,0.9951120078207875,0
33,186129,26447,17,11,155371,0.8347445333906409,0.14208886262289797,0
24,152311,172670,15,6,179047,1.175527863858396,1.1336598560848785,0
21,146945,440030,7,25,132534,0.9019231554448573,2.994501381459856,0
60,65272,226823,32,12,120209,1.841634366430224,3.4749896588175817,0
52,109393,261190,11,26,81441,0.7444741027844306,2.3876080955079804,0
54,81212,211402,10,7,90456,1.1138118281555909,2.6030561609594525,0
48,166470,257419,4,28,81788,0.49130479182560327,1.5463293907046873,0
51,140030,234817,26,28,171653,1.2258214252558362,1.676892973698681,0
28,76503,355104,11,21,14175,0.18528442957230995,4.64163965282861,0
59,157710,330422,16,27,137263,0.8703451249437262,2.095110677124614,0
46,26570,60077,5,25,83434,3.1400398931165556,2.260998833314516,0
54,88785,117782,32,29,84518,0.9519293582321537,1.3265830198454711,0
23,29110,107932,4,8,66537,2.285630861186493,3.7076019374119746,0
32,99141,470122,27,6,115721,1.1672247886869338,4.741905549615702,0
21,32115,407744,13,25,47645,1.483528459334911,12.695977083073858,0
64,59062,492028,4,20,23283,0.3942061866142932,8.330562280954235,0
25,42911,448316,32,23,86971,2.026729120059657,10.447334079045488,0
50,124061,377013,18,14,92759,0.7476826103077493,3.0389079653721525,0
50,52556,406395,21,1,190195,3.618832886199745,7.732461898510189,0
37,148335,315925,4,22,102780,0.6928864200194154,2.1297931722575774,0
43,21969,191339,1,19,161096,7.332544378698225,8.70910332271279,0
35,63753,480595,29,24,180702,2.8343633340653134,7.538272108416727,0
57,155542,422168,38,11,30734,0.1975916627556367,2.714156214037276,0
41,141863,320942,3,0,515,0.0036302374104776407,2.2623216601815823,0
34,30225,103696,32,22,110782,3.66512274201019,3.430688810957454,0
22,143008,55939,12,21,66727,0.46659301162863875,0.39115719989651,0
31,174268,296660,19,7,109164,0.6264108935037213,1.7023107953795569,0
59,125823,192598,6,4,46216,0.36730671414038657,1.5306936673448626,0
58,33669,146521,14,14,71833,2.1334422334422336,4.351678051678052,0
54,188452,55290,22,0,58755,0.3117753498219715,0.29338880251309346,0
58,144398,393832,13,0,27856,0.19290992319891412,2.7273873087763767,0
54,130677,353805,22,24,73870,0.5652826030395323,2.7074564961202343,0
38,68320,340098,18,9,155234,2.272127164415041,4.977942360328449,0
50,198486,289890,28,21,137080,0.690624574909188,1.4604986724571383,0
35,166649,72990,19,9,7987,0.04792679267926793,0.437983798379838,1
47,145354,63810,28,20,193604,1.3319390457844587,0.4389941866464862,0
54,108009,123362,23,14,96502,0.8934543097861309,1.1421349875011573,0
58,48625,481513,17,16,134404,2.7640357010652736,9.902377329000945,0
53,44089,151295,9,21,66323,1.504264005443411,3.431503742345203,0
44,56487,470453,7,5,170062,3.010586319218241,8.328370627389889,0
35,130448,138669,25,2,9873,0.07568475036221052,1.063013131568659,0
50,70138,201749,28,12,167516,2.3883431471791727,2.876416829438686,0
62,193895,269803,9,15,166412,0.8582539093122086,1.3914830630853654,0
37,188280,91516,16,7,105219,0.5588402441032286,0.4860607283793904,0
25,74061,79567,1,29,5033,0.0679565769220383,1.0743296157273636,0
49,181731,282181,5,14,73324,0.4034732463187551,1.5527314947285014,0
24,121376,131498,4,16,15689,0.12925842622572645,1.0833848257907182,0
30,182962,182810,27,16,109756,0.5998808502265486,0.9991637653514645,0
37,99134,469894,4,21,66,0.000665758813738841,4.7399404851969535,0
30,67055,17109,17,25,114159,1.7024427344309234,0.2551449534717251,0
37,39508,289154,25,12,176318,4.462730010883596,7.318686881470045,0
40,193359,275931,19,16,7533,0.03895841952834092,1.4270324782788582,0
44,178056,244472,26,5,115828,0.650510791488119,1.372998534177258,0
25,130169,144544,11,16,59658,0.4583083659829454,1.110424829069678,0
54,28125,251183,6,15,38498,1.368769110431629,8.9306335774728,0
26,56059,159455,2,13,109028,1.9448448091330717,2.8443631823046736,0
22,123409,328853,9,12,11772,0.095389352564622,2.664719228587635,0
33,168159,468001,33,5,89385,0.5315473358705994,2.7830696955280687,0
63,25704,249325,24,2,180108,7.006730208130714,9.699474810348182,0
63,131279,39518,34,13,189603,1.444264168190128,0.3010207190737355,0
31,178280,58909,15,13,12940,0.0725820474419596,0.3304278077865841,1
43,138516,285495,1,14,118027,0.8520759184793202,2.061082755185284,0
36,190954,205696,23,7,16932,0.08867010552224346,1.0771961980571338,0
51,176995,451546,9,28,187899,1.061600262152817,2.5511649980790527,0
31,134044,20282,37,14,192503,1.436107277406841,0.1513073967697415,0
36,49165,483082,21,21,24648,0.5013220518244316,9.825529837692715,0
28,87203,244017,25,28,32966,0.37803311774689236,2.7982317324893353,0
24,24114,419994,38,26,158849,6.587144930541157,17.416296910636532,0
60,56321,422480,26,12,163639,2.9054188416604525,7.501154078335286,0
24,93297,457891,28,16,148246,1.588951531651268,4.907832965336878,0
45,116652,272219,37,20,42598,0.36516849116610806,2.3335790764060933,0
23,119304,474164,19,23,190271,1.594828381040191,3.9743849796739448,0
52,176498,184526,26,2,144870,0.8207978515459011,1.045479011212528,0
23,37772,33365,19,27,196436,5.2004341725571175,0.8833028883064623,0
47,123754,470982,18,5,148630,1.2010019797179912,3.8057613833784494,0
49,23712,446416,19,4,61084,2.5759709863787794,18.825791759794207,0
52,152439,278146,34,21,175309,1.1500196798740487,1.8246260823930727,0
39,135142,281091,1,25,196569,1.4545259465899085,2.079952346773418,0
41,111736,215294,29,16,131250,1.1746332906736354,1.9267923785317307,0
25,71924,361984,33,22,17118,0.23799791449426486,5.032798053527981,0
38,23726,121219,21,24,22616,0.9531757070004636,5.108905466346356,0
48,109152,345754,2,1,131870,1.2081207112951544,3.167608769342116,0
62,47723,319286,5,25,7601,0.15926996898834966,6.690260665493253,0
42,146969,61307,14,14,25363,0.172572633870858,0.4171395522895829,1
41,120494,140565,26,4,2795,0.023195983235818913,1.1665629279223204,0
26,160180,260095,9,25,97462,0.6084491918517178,1.6237568750351166,0
21,55643,317229,8,19,176336,3.169002947307886,5.701045934871685,0
25,182396,39228,32,5,102892,0.5641101553205371,0.21506932679813812,0
61,123896,215748,31,5,72833,0.5878511989797978,1.7413496694835227,0
32,159999,450091,5,26,3084,0.019275,2.81306875,0
46,113680,429871,35,17,95865,0.8432807593177399,3.7813794741425566,0
54,116546,48472,1,17,731,0.006272147717229959,0.41590088118956303,1
34,173515,316581,28,3,132201,0.7618951566426151,1.8245060974204108,0
46,99973,447632,3,16,159094,1.5913537519755137,4.477484145877928,0
47,83449,326855,0,24,1605,0.019233073696824445,3.9167765128819654,0
29,129834,142888,18,13,77506,0.5969576770516425,1.1005352947972427,0
46,45537,82175,25,13,44130,0.9690807677104836,1.804536870306118,0
42,97576,69307,24,12,160337,1.6431843569693678,0.7102800864957931,0
50,127522,313877,9,6,163402,1.2813531676638723,2.461336386377359,0
63,42612,395346,14,11,68469,1.6067631943303686,9.27759134536409,0
37,26471,100028,21,22,146259,5.525045330915685,3.7786340284073736,0
46,186703,147312,20,14,156863,0.8401694661067787,0.7890136258462593,0
56,51348,496450,21,18,90436,1.7612027498101228,9.668153225963504,0
21,21177,97493,35,10,112341,5.30460855604873,4.603503635848522,0
28,155832,130149,33,14,170939,1.0969371057478199,0.8351825351498078,0
55,52779,234416,29,11,131965,2.5002841985600606,4.441379310344828,0
35,41636,207435,24,2,99694,2.3943607848788337,4.9819871748685065,0
42,101889,168834,27,16,19773,0.19406222396702327,1.657022278928256,0
34,73551,275403,0,2,4239,0.0576326952360235,3.744330541657603,0
46,162628,186211,3,18,20863,0.12828585307663454,1.1450048884270334,0
48,178670,395919,6,19,51415,0.28776354304839624,2.2159108081333847,0
43,162635,281993,8,3,68968,0.4240635529649032,1.733890405568263,0
34,66819,348912,35,2,60430,0.9043699491170308,5.221670158635139,0
44,93770,373252,18,25,1515,0.016156380970662573,3.980463042945047,0
22,178038,356853,0,15,97206,0.545981498435736,2.0043529788417143,0
46,178059,322013,9,11,145677,0.8181343367404246,1.808452207121195,0
34,98714,394032,35,7,56240,0.5697209137415793,3.9916122169882997,0
27,44596,68095,8,23,5586,0.12525506199968608,1.5268964280108528,0
23,184246,122886,31,28,120419,0.6535737352575619,0.6669633698242033,0
43,84106,338054,31,28,122374,1.454979965995696,4.01933251691298,0
63,79182,484926,5,16,31186,0.3938471641640251,6.124117550484321,0
38,107163,290711,37,6,26928,0.2512784143928931,2.7127673472434775,0
58,59310,40292,16,10,122990,2.073645698099847,0.6793343561902514,0
55,76088,79813,9,17,87029,1.1437789956498312,1.0489426855393027,0
35,148803,102136,26,0,20711,0.13918308647617,0.6863793984032688,0
45,159978,56631,34,2,54962,0.3435575919339413,0.353990211215222,0
57,56914,14885,20,3,20039,0.3520864446982342,0.2615303522797154,0
48,130350,457875,24,12,36561,0.2804811623999816,3.5126312801589554,0
30,65379,190378,27,5,1577,0.024120526154787398,2.9118690731110433,0
59,188722,333458,14,25,107792,0.5711651468024566,1.7669176517965484,0
37,197953,332231,3,13,159422,0.805348717378785,1.6783242571506511,0
59,66413,427381,28,4,164870,2.4824585177823955,6.435104044328003,0
42,157084,457145,8,15,10785,0.06865709647642995,2.91017601935258,0
46,27151,465244,26,14,72227,2.6600987035945787,17.134796700058928,0
64,77716,363142,25,14,118680,1.5270790174607871,4.672619890114132,0
45,113747,54812,18,29,61957,0.5446864999824172,0.4818722087421317,0
37,187450,186572,27,3,65431,0.3490565534459672,0.9953107745490821,0
33,193724,477367,16,7,148369,0.7658743063621113,2.46414763195251,0
40,164539,325787,19,26,71894,0.43693934605567036,1.9799866293910295,0
45,182082,49900,39,15,194844,1.0700834234936814,0.27405084494433857,0
24,141999,441162,38,27,150653,1.0609366197183099,3.106774647887324,0
30,134793,406067,22,15,55192,0.40945442675490007,3.012500556404588,0
23,128177,283432,31,29,1462,0.011406013512459236,2.211237497854546,0
61,32289,77692,32,3,128848,3.990337565809848,2.406069990709198,0
38,196048,465796,4,12,195245,0.9958989844375641,2.3759162250253762,0
56,194668,405584,33,25,146583,0.7529858374985231,2.0834544791415173,0
42,174243,352580,39,27,76106,0.436778310874406,2.023484309359289,0
54,106365,232208,10,12,48665,0.45752402083372506,2.183103623338285,0
28,134014,51403,2,1,175486,1.3094504346528373,0.38356154161847555,0
60,195211,96170,32,2,81010,0.4149847345450075,0.4926438948425302,0
64,199785,276312,10,21,72573,0.3632536814391399,1.3830398526423273,0
39,180806,484713,15,7,107803,0.5962324467526147,2.6808309412799285,0
62,92588,317023,17,23,119682,1.2926157534912355,3.4239812504725182,0
61,83646,64871,29,14,13386,0.16002964840340958,0.7755328941862828,1
57,23654,487604,9,10,124069,5.244937645318115,20.61314732614669,0
26,38743,496862,17,8,54460,1.4056370018583522,12.824230848647533,0
46,68368,37174,37,6,137293,2.0081177141687023,0.5437259576708742,0
54,157513,235823,18,12,154546,0.9811572304684029,1.497155808372589,0
26,139735,228563,35,1,115375,0.8256641094635598,1.6356772771511994,0
57,175683,142653,12,7,112660,0.6412649985200701,0.8119862935725507,0
53,139891,115155,2,6,152117,1.0873888428216052,0.823170731707317,0
42,127971,338997,9,23,91319,0.7135857843903354,2.648993529834651,0
41,32149,331190,37,11,116582,3.626189735614308,10.301399688958009,0
26,120102,316822,0,18,135994,1.1323114326869437,2.6379191194224956,0
26,79189,293793,26,6,153778,1.9418866018436671,3.7099760070716,0
24,172747,132795,7,9,42771,0.24759186792321763,0.7687209113853706,0
50,91031,93668,16,28,52335,0.5749077247561297,1.0289568503383426,0
31,62668,218397,8,24,52949,0.8448993920439133,3.4849287526528268,0
50,164745,150639,5,15,95558,0.5800322921345586,0.914371213868622,0
51,108204,478620,24,2,146312,1.352174113950372,4.423270643685597,0
44,174741,357050,38,29,102272,0.5852742900962562,2.0432981195133397,0
29,185140,244141,27,9,2716,0.014669900238196833,1.318676036102214,0
23,160507,101019,32,5,147646,0.9198669225209959,0.6293704986667331,0
51,57384,460160,36,17,175138,3.051982225320206,8.01882024919404,0
60,101929,345146,8,17,192898,1.8924556067889728,3.3861081134111646,0
57,147959,33803,17,4,151285,1.0224722898080563,0.2284603947012706,0
56,96153,154302,20,20,71916,0.7479252033196747,1.6047382324188282,0
44,95388,153934,1,28,197223,2.0675654425562695,1.6137500131042364,0
51,51401,441571,37,6,50906,0.9903505700167309,8.590541224076885,0
26,139503,429475,39,27,463,0.003318901250143365,3.0785855602706733,0
22,147834,235147,35,1,163045,1.1028849731119152,1.5906043900294247,0
40,54084,485661,36,10,74694,1.3810483498197281,8.979587686049737,0
48,130641,35795,14,29,151723,1.1613646453667275,0.2739930497083633,0
31,125111,275914,27,12,68694,0.5490600422021868,2.2053360189270412,0
24,187523,16093,17,22,20008,0.10669567628676863,0.08581834858471449,1
35,158299,444787,33,4,70474,0.4451926721415035,2.809772583701832,0
26,182982,398409,21,29,38185,0.20868058781416854,2.1773006235551935,0
50,56041,367455,10,5,87924,1.568894757503301,6.5567788444381,0
58,108920,284713,12,23,34980,0.32115019142314155,2.613940378806658,0
22,85681,278334,3,25,22504,0.262645596508018,3.248453584183376,0
35,101571,329968,21,28,54970,0.5411924546134762,3.2486118221557123,0
31,147556,178824,6,13,16766,0.11362388771796661,1.2118977750970812,0
28,46160,168399,23,11,116944,2.5333939905981238,3.648079547670111,0
46,37633,309214,3,3,93922,2.49566881011851,8.216346920337992,0
64,37014,484141,27,28,142767,3.857003917330812,13.079589355666622,0
25,100532,45197,14,22,148868,1.4807874031412571,0.44957377179632557,0
26,69104,7261,0,5,173615,2.5123362998335868,0.10507199189638955,0
46,192693,492121,2,9,145631,0.7557630232389176,2.5538989278337674,0
24,97231,162584,13,17,164211,1.6888575777521804,1.6721244034885634,0
39,88388,404932,37,14,120494,1.363223930579597,4.581248797927344,0
40,36014,353939,0,7,8802,0.2443981674302374,9.827544078856032,0
53,112578,296077,37,25,171277,1.5213938656410166,2.629948747102035,0
40,184827,140450,37,8,34159,0.18481507130954183,0.7598956868007012,0
32,60390,45583,20,4,11516,0.19069066582768956,0.7547979003493898,0
21,43711,379226,28,9,50492,1.155106149341142,8.675558199121523,0
46,111658,352515,4,19,29086,0.2604895261465713,3.157067500156727,0
34,77993,165105,9,5,113758,1.4585480934430854,2.116893607200554,0
58,178285,422216,27,15,30480,0.17096126448515306,2.368194922764547,0
57,27421,116032,20,23,183163,6.6794179855590405,4.231347093574502,0
31,37727,211940,6,26,128023,3.3933153095843935,5.617578456318914,0
56,132418,309748,2,2,110195,0.8321690996005106,2.33915072610426,0
33,24358,466552,19,9,178838,7.341762798144423,19.153167207192414,0
63,85108,362218,18,10,38737,0.45514575426805626,4.255930630133124,0
23,114018,231727,34,10,9265,0.08125838676010139,2.0323542567466824,0
53,144457,78869,3,16,114165,0.7902989104099462,0.5459649171385454,0
26,183189,272554,4,3,119501,0.6523336426660844,1.4878213876303292,0
30,51910,350519,0,3,70990,1.3675328928358153,6.75230683284853,0
25,146888,192116,3,16,15386,0.10474576040411467,1.3078991619522224,0
43,75754,199387,11,8,104718,1.3823245990363673,2.6319978879281893,0
30,129847,363199,26,18,37425,0.28822161296284887,2.797108927361222,0
64,180443,207416,22,4,121635,0.6740872514464321,1.1494757376249696,0
22,58467,405012,24,21,174326,2.981562564137648,6.9270712184442775,0
33,168697,91716,20,23,53634,0.3179290803684691,0.5436697530498287,0
60,53893,59245,23,5,178734,3.3163988570156233,1.0992874902586558,0
22,96329,48056,24,2,86988,0.9030208657739022,0.4988684729575418,0
40,51007,415925,31,21,106337,2.084712202007528,8.15411308030113,0
21,190604,255736,31,0,141215,0.7408777314341177,1.3417066708638283,0
57,74253,325701,4,19,146653,1.9750181808387426,4.386309155062354,0
29,32323,284687,35,21,67443,2.0864682588788517,8.80729488924638,0
37,131335,435634,38,15,29424,0.22403606018151917,3.3169428031918136,0
29,132356,230683,15,22,88844,0.6712451929251947,1.742884773755827,0
31,130944,363182,32,10,41984,0.32062316239642596,2.7735461453281913,0
35,165282,414940,20,12,41505,0.25111475469346517,2.510482021744523,0
44,36456,270972,8,26,102478,2.810927942507612,7.432646679649999,0
58,51367,121656,5,9,62699,1.220584799875409,2.3683226911696,0
55,74624,22087,34,2,158029,2.117641541038526,0.2959731993299832,0
50,161178,410821,38,8,156536,0.9711935177659621,2.5488494158668313,0
51,88008,298481,21,27,114012,1.2954584190253269,3.3914826892704157,0
25,145926,141554,4,11,154721,1.060263008216437,0.9700329616863226,0
64,135395,332477,22,22,173137,1.2787453100534727,2.4555895299713435,0
34,136492,490757,16,13,34758,0.25465042163334384,3.5954737605591496,0
31,92240,486512,11,0,136668,1.4816404852505936,5.274357389880856,0
29,84315,187024,22,17,16374,0.19419801698372788,2.2181317899331088,0
54,30756,141535,15,16,118686,3.8588288844815812,4.601716682381246,0
32,56378,248236,2,26,3775,0.0669575551180404,4.402986927756789,0
55,155327,75448,29,8,27388,0.1763236505974454,0.4857334157395962,1
55,165556,9648,21,8,123800,0.7477787106555446,0.05827600161877782,0
21,145703,397720,8,22,21029,0.14432685444462745,2.729643661121177,0
60,76549,300767,28,9,83981,1.097073807968648,3.9290267798824297,0
42,185575,457372,36,18,53639,0.2890406086994008,2.4646074923481485,0
49,93794,40634,22,28,114010,1.2155232155232156,0.43322138706754093,0
28,65113,442818,12,14,145717,2.2378751113431825,6.8006573087200906,0
31,94069,381742,31,4,31105,0.33065802062294036,4.058063144466886,0
61,156321,316478,22,14,144740,0.9259093409756785,2.0245262982817516,0
57,170273,335792,16,19,147032,0.8635023550277787,1.9720685483397349,0
34,145541,27054,39,22,126519,0.8692954611040112,0.18588448695221998,0
50,29686,75028,20,29,142429,4.797689224239567,2.5273015124465252,0
55,73363,27207,1,24,195676,2.6671937189902404,0.3708494629518565,0
41,117543,478866,36,27,102739,0.8740471653168176,4.073929762471925,0
57,151733,235893,5,1,51796,0.34136053883770284,1.5546482660445253,0
25,195915,86554,17,12,15804,0.08066722472896548,0.4417913799791747,1
39,115673,157458,29,23,127732,1.1042412296626727,1.3612220550858447,0
34,62828,88276,21,15,145698,2.3189609893520506,1.405019974852377,0
46,68604,457734,32,14,159204,2.3205888783616353,6.672020989723781,0
24,30526,319925,29,24,7951,0.2604579552527271,10.48006682608838,0
45,88910,188852,16,9,137521,1.5467265017826815,2.1240566409105734,0
62,45592,197512,31,13,19065,0.4181562959226197,4.3320685192902415,0
45,48982,442415,13,9,101503,2.0722087254761856,9.032011105893881,0
38,20207,328179,9,24,105072,5.199524940617577,16.24005344418052,0
60,108733,13210,35,13,140202,1.2894034984457483,0.12148913863189068,0
28,144982,49363,33,25,89360,0.6163481235731085,0.34047440044694893,0
59,88619,247247,8,29,62287,0.7028548860302415,2.7899684044233806,0
60,180400,83279,27,22,182774,1.0131540290796615,0.4616326960493567,0
34,66479,196420,10,8,168065,2.5280535499398313,2.954572803850782,0
52,171175,191356,13,24,162947,0.9519266719633593,1.1178903584614666,0
58,190963,208196,38,13,137126,0.718072516285792,1.0902369032906727,0
53,161826,204919,18,2,107357,0.6634059829323907,1.2662843654025595,0
43,101437,420648,14,19,179589,1.7704311993532995,4.146848321141978,0
35,118540,262324,27,15,29670,0.25029314751858006,2.2129389831366364,0
53,92982,200161,23,1,49112,0.5281825710076036,2.1526623146166504,0
45,122747,453614,7,9,88388,0.720076905530029,3.695489946883045,0
37,68231,235363,8,2,89156,1.306659631844296,3.44945187009028,0
53,49301,139393,32,10,159379,3.2327086122266846,2.8273295201006046,0
22,192395,348492,32,10,198159,1.0299538451942867,1.8113266388074596,0
34,38752,435599,18,20,47922,1.2366010373390448,11.240394292054809,0
60,118452,380960,2,20,194152,1.6390635948435244,3.2161279157134053,0
60,164467,214754,9,21,93348,0.5675754554077389,1.305749446700878,0
59,141237,128053,39,12,79335,0.5617114374318526,0.9066469363768958,0
26,76273,477406,0,6,26312,0.3449668301124892,6.259092220153657,0
26,111878,188965,28,22,66985,0.5987271963460524,1.6890122364340046,0
23,24895,171892,33,16,130744,5.251606683804627,6.904402313624678,0
27,139968,333406,12,29,188680,1.348012774257157,2.381998871178618,0
28,135700,139832,0,1,100963,0.7440107294714114,1.0304419274729,0
62,96559,158262,33,11,171349,1.7745339685169843,1.6390016570008286,0
35,30699,72411,28,24,31551,1.0277198697068404,2.3586644951140063,0
49,29715,290521,12,9,89813,3.022378516624041,9.776585004711267,0
53,39169,444953,28,17,187669,4.791141179474088,11.359535358692877,0
50,138413,467785,38,21,101025,0.729875590619446,3.3796075541491466,0
59,167235,43211,23,26,124342,0.7435121624530604,0.25838336243392573,0
47,139264,218981,25,10,176284,1.2658169676515996,1.5724051269163106,0
56,25782,270888,16,15,9637,0.37377341659232827,10.506457743474382,0
49,144481,261638,6,16,43258,0.29940061737794327,1.8108691740147562,0
58,55585,292139,12,18,166765,3.0001259309898174,5.255621919188285,0
53,50682,153049,4,17,140896,2.7799459384803584,3.0197304816210564,0
57,198936,234010,25,2,129553,0.6512262676123597,1.1763020453711477,0
47,149992,39542,2,20,26950,0.17967505150240345,0.2636256358630069,1
53,104416,15651,6,26,154560,1.48021873832805,0.1498893858279782,0
24,147810,104239,38,25,127870,0.8650912313697898,0.7052181502053297,0
42,58067,346075,0,15,215,0.0037025556244403113,5.959822966177585,0
22,193757,231416,16,5,105603,0.545025237667606,1.194355845952167,0
30,38073,369256,24,24,11523,0.3026474759678521,9.698376845091138,0
25,56035,283859,2,11,68689,1.2258012706117496,5.065654222285674,0
30,110373,442625,14,10,23834,0.21593853624947904,4.010228858245601,0
53,103362,160378,28,14,34474,0.33352360128866226,1.5515997020210326,0
58,110517,155158,31,14,43066,0.38967408024032285,1.4039161041640276,0
33,85450,412592,25,15,10400,0.12170717721267159,4.828404582743326,0
51,30382,328494,15,9,125211,4.121087450218872,10.811769739657045,0
56,155509,338569,24,11,10345,0.06652305317985982,2.1771525946884447,0
44,81929,434852,27,27,33896,0.4137190284389113,5.307604052239717,0
35,118864,353264,8,12,28899,0.24312455306440078,2.9719766121229965,0
49,163401,382033,0,3,28229,0.1727579833784164,2.3379946389885067,0
28,45169,449865,28,6,5583,0.1235997343369493,9.95937569183086,0
25,107468,432826,21,21,135969,1.2651927532590794,4.027449776214536,0
49,54594,146130,15,1,71537,1.3103214580089753,2.6766187379796684,0
24,65033,260948,6,25,135639,2.085662884029892,4.0124857766706645,0
32,83133,341781,13,26,74807,0.8998364086895855,4.111206004763394,0
22,93861,476249,28,26,129648,1.3812618525068718,5.073927681063689,0
47,51750,337338,18,26,112652,2.176808177619756,6.518482734633147,0
51,60461,344061,18,14,144401,2.3882934735867156,5.690532896695445,0
56,98222,69200,1,7,71792,0.7309082394143938,0.7045193081050263,0
56,132020,110848,14,6,131300,0.9945387476234842,0.8396239992122465,0
46,44226,111022,2,14,37052,0.8377687837746173,2.5102765279128136,0
63,26721,182691,10,22,188841,7.066873736995734,6.836726292942145,0
47,40609,415370,29,13,46032,1.1335139128293523,10.22826889928589,0
25,150513,417755,39,7,33686,0.2238064233227474,2.775522542753498,0
40,124211,261453,17,27,76981,0.6197549351109394,2.1048932470292727,0
31,199967,327202,1,11,98802,0.49408905424867977,1.6362718034885582,0
30,156728,67068,31,12,194333,1.2399300703762546,0.4279233581532454,0
60,144865,475529,7,29,133881,0.9241713031353113,3.2825438681264063,0
58,94520,367076,21,10,172857,1.8287682102389946,3.883539107711514,0
26,84309,166445,5,16,167619,1.9881271498042936,1.9742023484758628,0
28,49984,169226,11,28,42818,0.8566169850955286,3.3855356606982094,0
43,138947,142103,39,16,100422,0.7227308057690647,1.0227063361833204,0
46,25901,229605,35,23,71927,2.776889815458266,8.864373407458883,0
63,182624,208047,14,3,196753,1.0773607118412047,1.1392032854209446,0
32,51055,289929,27,20,79465,1.5564282356628016,5.678646975869634,0
46,188757,477144,17,7,113221,0.5998209347418387,2.527808092902023,0
33,165788,254768,1,4,37333,0.2251838179855117,1.5367002635880547,0
60,134099,164741,12,25,126457,0.9430052199850858,1.2284936614466815,0
38,31138,99475,14,15,16576,0.5323228106233341,3.194547031054305,0
45,186370,7282,19,3,119875,0.6432062928245275,0.03907260249716962,0
53,43429,170696,28,27,39405,0.9073221275615934,3.9303707114897537,0
60,70200,184510,28,21,94000,1.3390122647825529,2.6283101380322216,0
63,199316,225972,2,28,31601,0.1585464360792105,1.133731693734102,0
32,121268,334678,18,14,67946,0.5602915831745954,2.7597984645705003,0
64,37347,167777,2,11,198428,5.312948484523937,4.49226196851237,0
56,167992,436460,13,4,52116,0.3102272118481127,2.5980844439946904,0
24,51822,342108,39,29,104186,2.010420083746599,6.601470389595353,0
25,197731,173509,3,22,62894,0.3180769931017741,0.877495802399207,0
57,60108,213944,10,15,165707,2.7567751917350147,3.559267331015322,0
28,148955,473094,30,13,7465,0.0501154703402347,3.1760654152904215,0
62,27967,124006,31,9,56754,2.0292477116704806,4.433852974828375,0
48,130719,241440,26,6,92850,0.710296817625459,1.847001223990208,0
51,31871,209054,29,12,109765,3.4439319779116464,6.559174196787149,0
29,184685,317727,1,19,92691,0.5018842792631818,1.720363211071765,0
49,48179,305536,8,27,38871,0.8067870485678705,6.341552511415525,0
34,75099,12461,27,28,193946,2.582503328894807,0.1659254327563249,0
60,55262,105123,30,4,29511,0.5340100971717062,1.9022311492318549,0
61,98213,277660,33,28,80960,0.8243223980287943,2.8270918606308673,0
42,137407,477501,14,2,179893,1.30918869352585,3.475059676292501,0
31,169340,153586,24,14,65776,0.3884233587849369,0.906962873728158,0
43,106269,388395,35,3,44462,0.418387127129011,3.654794391643926,0
21,80545,499178,7,14,192454,2.3893675663595957,6.197427556923993,0
57,59922,434484,8,13,32574,0.5435976169417419,7.250705071508436,0
41,62913,488702,36,19,102072,1.6224051880344597,7.767778236958388,0
46,117033,236496,38,18,172982,1.4780491139327032,2.0207461079686246,0
56,124792,172860,31,12,156258,1.2521375397658523,1.3851738478921094,0
43,197404,211821,16,9,153885,0.7795395253413034,1.0730275322306932,0
21,139863,197121,34,20,78282,0.5597008522564777,1.4093762512154664,0
60,176104,329637,36,4,109779,0.6233724198631498,1.871820788733994,0
35,188918,41027,18,26,18557,0.09822728259201033,0.2171671457079489,1
41,64936,360691,28,22,159132,2.450559773318755,5.554475876618877,0
29,180866,178921,6,19,189938,1.0501528747643296,0.9892407127889554,0
29,48141,367271,27,28,72104,1.4977358647334968,7.628910307008433,0
30,160146,153930,8,19,137152,0.8564131703996953,0.9611794164111722,0
46,157478,220234,27,24,144926,0.9202877844029997,1.3984975774547717,0
61,117359,84003,5,5,122013,1.0396472392638036,0.7157719836400818,0
55,143279,188467,28,3,198767,1.3872627024008934,1.3153754885538804,0
45,174363,44758,16,1,158097,0.9067066596315754,0.25669289532242895,0
46,61568,321456,15,21,184054,2.989394013220939,5.221069044486674,0
31,117539,335814,22,15,41081,0.34950655096137484,2.8570188871873405,0
58,66851,87279,30,17,135440,2.025967809489619,1.3055555555555556,0
22,74823,20434,2,4,119181,1.5928178124665882,0.273094194376136,0
27,43312,200119,20,21,27094,0.625539676309653,4.620298755569921,0
38,194180,445991,25,3,177112,0.9120974760661444,2.296779808529156,0
47,185243,342913,35,29,66766,0.3604219299950336,1.8511422772127573,0
54,192851,250754,36,12,83053,0.43065666936303487,1.3002405990085661,0
47,118723,333821,21,18,155063,1.306079646912166,2.8117398335635593,0
37,32411,88555,11,22,1301,0.04013945452301617,2.732167098605455,0
63,77009,133379,12,1,159682,2.0735229191014155,1.7319698740423322,0
64,166494,221992,10,12,81463,0.48928196041923183,1.3333253250848374,0
44,193540,244511,15,10,165750,0.856407686226691,1.2633550513844611,0
45,52371,181806,7,29,24466,0.4671580233712671,3.471435118001986,0
27,77022,368809,39,21,171947,2.2324110979837193,4.78829700219415,0
26,91229,486719,39,28,26081,0.2858818371149841,5.335076181080785,0
44,119071,438819,1,3,24354,0.2045317119054018,3.6853248454716474,0
53,116774,474924,29,21,93297,0.798946692357097,4.067000642260758,0
49,46715,480142,29,19,18300,0.39172874389930645,10.277891942803322,0
63,47605,73803,11,19,64384,1.3524345670713775,1.5502877788514053,0
42,119853,437548,9,14,95027,0.7928563085086856,3.6506749879019473,0
46,51174,358847,10,3,121684,2.377801660967269,7.012154372252076,0
48,161028,288456,14,8,60892,0.3781430673977979,1.7913295120754646,0
41,96373,229448,15,6,35525,0.368616016768008,2.380808101770187,0
27,89252,482742,16,18,157604,1.7658117934411168,5.408692144801855,0
37,90017,180251,25,18,6464,0.0718078606500922,2.0023884112066477,0
40,83037,207514,1,5,16562,0.1994508538259592,2.4990245429803224,0
61,109818,250404,11,5,107392,0.9778999990894107,2.2801518862856156,0
40,26548,122961,25,19,55514,2.091001544314287,4.631473878488832,0
42,136981,307523,22,14,113428,0.8280504007825846,2.2449883926355287,0
48,174249,22297,17,14,112564,0.6459913916786226,0.12795982783357246,0
60,44022,269155,31,24,108047,2.4543306907752767,6.113963155623197,0
27,126297,125234,37,19,32634,0.25838888976864244,0.9915754802134634,0
21,156614,49014,2,8,60,0.00038310506656450533,0.3129585288765444,1
52,80428,248166,37,3,9269,0.11524450136144923,3.0855288515336508,0
33,173812,409954,2,17,194215,1.1173790222825681,2.3585922802091903,0
50,79353,361477,29,17,23065,0.2906595760768203,4.555246112357285,0
43,133132,183570,0,4,2895,0.02174517212111197,1.3788467171925818,0
39,36052,263864,29,19,80859,2.2427814606274095,7.31878068399301,0
52,120689,278264,31,22,143424,1.1883668903803133,2.3056094125445354,0
50,198148,406983,27,29,180809,0.9124900958369712,2.0539240672423276,0
49,151743,289996,20,10,104127,0.6862017608603964,1.9110870940531421,0
49,20163,346383,12,4,96426,4.782086887522317,17.178288038087683,0
50,61424,399145,26,21,163088,2.655075295075295,6.498087098087098,0
36,161706,213559,35,25,192376,1.189657837941462,1.3206540223985357,0
60,155870,96575,6,3,11962,0.0767429476939264,0.6195828601856663,0
39,42420,100040,21,28,33302,0.7850357134438132,2.358265953183565,0
38,140575,153510,9,11,85382,0.607372524470749,1.0920071704985204,0
21,49300,184587,38,1,4011,0.08135737611813147,3.7440822701365084,0
34,109881,10744,14,12,129716,1.1805027211008172,0.09777761598805992,0
22,30749,219892,14,9,19782,0.6433170731707317,7.150959349593496,0
48,124131,440633,3,8,198763,1.6012228917603841,3.5497132085199627,0
50,176193,405285,31,9,120654,0.6847792773874253,2.30022021181198,0
58,148563,309503,22,6,170797,1.1496526749414393,2.0832974341024744,0
24,57487,155871,5,3,9196,0.1599638185360423,2.711365850264403,0
21,184433,365890,23,18,43459,0.23563442749167723,1.9838533025364087,0
28,41223,229834,19,9,87245,2.1163642538327188,5.575247428682321,0
49,92930,125906,36,29,78863,0.848618867762103,1.354833155782247,0
59,165128,206260,19,2,123206,0.7461197003554797,1.2490840494401347,0
23,48380,225931,11,24,101010,2.0878030631859614,4.669829065128873,0
52,46035,258593,32,20,32769,0.7118124945694674,5.617190894082892,0
30,50620,243746,27,28,107529,2.1241974674542186,4.815116256099247,0
30,170949,12597,7,18,24700,0.1444866920152091,0.07368821292775665,1
39,137360,314237,0,20,5269,0.03835877723662466,2.2876726290577385,0
54,73352,435442,36,1,121631,1.6581598571292244,5.936253459299551,0
53,181983,208199,21,26,43880,0.2411200984701952,1.1440511253736592,0
43,183856,381794,5,19,114003,0.6200634188526953,2.076581256084892,0
48,23191,489585,20,9,139392,6.01034839599862,21.110081062435324,0
52,184232,213434,31,1,49589,0.26916459049138863,1.1585003772396911,0
27,110536,162489,34,1,35897,0.3247509883568398,1.4699964717696337,0
49,124576,416909,14,27,189637,1.5222472848118032,3.346596883854965,0
28,23631,477890,4,23,162002,6.8551963439404195,20.222156398104264,0
21,157244,388100,5,16,188305,1.1975261534547998,2.4681229927819643,0
23,62080,120598,24,15,14380,0.2316328667386157,1.942591130941834,0
44,110353,255100,39,15,70934,0.6427859434184533,2.311651593961252,0
43,171353,263589,28,13,55830,0.3258167302776708,1.5382716481669527,0
28,48671,189233,6,6,5529,0.11359714003944774,3.8879232412886258,0
57,142811,257388,39,20,94598,0.6623953169201467,1.8022855222250231,0
23,147734,138241,12,10,82987,0.5617287711104342,0.9357362845635767,0
53,179674,220164,37,23,49178,0.273705301238347,1.2253457631835258,0
48,71399,158124,17,0,138009,1.9328991596638656,2.2146218487394957,0
28,174544,470065,1,10,121952,0.6986851528259188,2.693087742415996,0
54,27099,209923,7,22,39886,1.4718081180811808,7.746236162361623,0
55,176503,13036,10,20,49699,0.281574355255405,0.07385668313465983,1
52,76492,36778,32,3,76396,0.9987319101094217,0.48080216490397815,0
44,116722,425950,37,6,90678,0.7768648852411264,3.6492379393949776,0
34,198756,159245,26,25,25279,0.12718545761910272,0.8012044858797426,1
52,50111,166475,19,14,169178,3.3759977650063857,3.322058588761175,0
63,83936,464537,11,17,110776,1.3197517185508179,5.53435314581174,0
36,173686,207747,30,11,101444,0.5840621347596539,1.196099880820096,0
24,193063,404560,26,16,106300,0.5505946214726722,2.0954709319189493,0
57,80920,23800,31,0,113793,1.4062233536412057,0.294114012431878,0
41,83530,292516,9,10,116278,1.3920340951263603,3.5018855275287017,0
34,187296,328660,2,27,171616,0.9162773562844039,1.7547531460728147,0
51,27788,287682,26,0,103247,3.7153909820432545,10.352369642664364,0
38,48082,331062,34,14,8997,0.18711394879687207,6.885219308279433,0
27,143287,413189,30,27,106102,0.7404807101781028,2.883625984032159,0
30,109570,338299,14,20,85711,0.7822416515318834,3.087486652490166,0
